,ListedCoID,0
0,101704,7
1,101775,31
2,101776,36
3,102294,21
4,102295,47
5,102296,15
6,102313,56
7,102314,28
8,102336,18
9,102338,59
10,101859,26
11,101860,60
12,101620,27
13,101621,25
14,101622,21
15,101623,7
16,101711,25
17,101712,36
18,101629,3
19,101631,20
20,101632,25
21,101633,21
22,101721,18
23,101722,5
24,101778,17
25,101779,16
26,101655,8
27,101656,3
28,102321,11
29,102341,5
30,101916,11
31,101917,12
32,101918,35
33,101880,25
34,101881,24
35,10988,21
36,10880,10
37,10881,34
38,10985,48
39,10987,18
40,103439,18
41,101519,9
42,101184,31
43,101185,31
44,101186,6
45,101187,39
46,107889,33
47,101178,13
48,101532,42
49,101533,27
50,101534,17
51,101535,12
52,101551,14
53,10864,14
54,101552,11
55,101553,13
56,101554,8
57,101661,15
58,101662,5
59,101663,33
60,101681,8
61,101682,16
62,101671,8
63,101672,20
64,101674,8
65,101692,0
66,102270,16
67,102272,18
68,101838,41
69,101839,21
70,101840,15
71,101841,10
72,101842,8
73,103592,13
74,101684,16
75,101705,7
76,104100,8
77,101795,5
78,106591,28
79,102980,27
80,102298,19
81,101861,9
82,101862,4
83,101863,64
84,101885,23
85,101569,23
86,101570,15
87,101730,22
88,101731,58
89,101732,53
90,102759,27
91,101624,13
92,101723,15
93,101724,44
94,101742,17
95,101743,18
96,101817,15
97,101612,4
98,102323,17
99,102343,35
100,102344,4
101,102303,46
102,102324,33
103,101882,3
104,107585,26
105,101883,18
106,101884,22
107,101887,19
108,10854,34
109,10856,22
110,10858,20
111,101188,28
112,101480,17
113,101481,22
114,101482,40
115,107583,25
116,101483,20
117,107866,32
118,101181,23
119,101182,33
120,101183,20
121,101475,27
122,101476,29
123,101555,20
124,101557,16
125,101558,28
126,101559,35
127,101561,19
128,101562,16
129,101761,27
130,101780,19
131,101781,17
132,101782,27
133,107623,23
134,101783,3
135,101693,12
136,101772,14
137,101774,6
138,101792,2
139,101793,19
140,101794,49
141,102275,40
142,101902,18
143,101903,43
144,102273,23
145,102274,58
146,102276,7
147,101563,28
148,101564,25
149,101565,35
150,101566,16
151,102818,20
152,101568,26
153,101803,23
154,101804,16
155,101805,22
156,101806,32
157,107584,13
158,101687,10
159,101813,10
160,101814,21
161,101815,3
162,101816,27
163,101818,33
164,101819,27
165,102299,24
166,102300,31
167,102302,1
168,102305,3
169,102306,21
170,101571,6
171,101680,31
172,101572,18
173,101573,64
174,101590,23
175,101591,7
176,101625,36
177,101627,23
178,101628,57
179,101644,16
180,101715,36
181,101613,67
182,101614,35
183,101616,17
184,101634,20
185,101635,9
186,102332,18
187,102342,34
188,102325,26
189,102326,50
190,102327,16
191,102328,24
192,10859,23
193,10961,38
194,10962,48
195,10963,11
196,10964,25
197,10965,23
198,101485,3
199,101501,18
200,102878,10
201,101502,28
202,101504,17
203,101505,30
204,101477,9
205,107558,19
206,101478,48
207,101479,19
208,101496,25
209,101497,21
210,101579,23
211,101581,7
212,101582,30
213,101583,21
214,101584,39
215,101666,28
216,101667,6
217,101668,3
218,107555,34
219,101669,8
220,101686,47
221,101749,10
222,101750,43
223,101751,7
224,101752,12
225,101753,9
226,102279,15
227,102280,39
228,102281,18
229,102283,18
230,102304,13
231,101585,20
232,101586,30
233,101587,27
234,101588,23
235,101589,18
236,101606,16
237,101688,20
238,101691,25
239,101713,19
240,101714,25
241,101791,17
242,101820,16
243,101821,33
244,101822,28
245,101701,43
246,101702,31
247,102307,22
248,102308,36
249,102330,25
250,107890,54
251,102312,28
252,102053,47
253,101592,21
254,101593,39
255,101594,25
256,101618,22
257,101619,26
258,101812,21
259,101716,33
260,101717,12
261,101737,27
262,101738,9
263,101739,25
264,107559,13
265,101637,7
266,101638,49
267,101639,11
268,101777,21
269,102340,18
270,102333,21
271,102334,31
272,102335,27
273,101911,10
274,101495,12
275,10776,40
276,10777,28
277,10877,67
278,10878,31
279,10879,40
280,101498,17
281,101499,38
282,101516,35
283,101517,13
284,101518,9
285,101511,8
286,101512,41
287,101513,8
288,101514,4
289,101515,13
290,101912,18
291,101913,28
292,101914,4
293,101915,23
294,102284,1
295,102285,46
296,101601,21
297,101798,19
298,101799,41
299,101801,4
300,101802,15
301,101700,19
302,101808,26
303,101809,1
304,101810,11
305,101811,13
306,104988,20
307,101694,10
308,101602,37
309,101603,13
310,101604,41
311,101605,2
312,102286,31
313,102287,33
314,102288,33
315,102309,5
316,102310,5
317,101789,9
318,108486,13
319,101786,9
320,101787,32
321,101788,13
322,101607,26
323,102203,15
324,101608,25
325,101609,6
326,101610,18
327,101683,52
328,101326,8
329,101327,46
330,101328,9
331,101329,16
332,101330,28
333,101872,22
334,101873,9
335,101874,17
336,101506,24
337,101261,41
338,101267,19
339,101268,7
340,101270,12
341,101352,16
342,101434,30
343,101452,9
344,101453,29
345,101454,9
346,101455,36
347,101325,16
348,101443,17
349,101444,21
350,101445,41
351,101823,30
352,101824,35
353,101522,41
354,101523,9
355,101524,36
356,101525,10
357,101528,21
358,101598,19
359,101599,51
360,101600,40
361,101640,12
362,101641,75
363,101741,3
364,101762,12
365,101764,6
366,101765,14
367,101651,6
368,101727,26
369,101728,19
370,101729,15
371,101797,8
372,101657,26
373,101658,14
374,101834,54
375,101576,10
376,101577,12
377,101578,6
378,101550,9
379,101833,14
380,101248,26
381,101249,13
382,101250,11
383,101252,5
384,101253,16
385,101409,16
386,101380,28
387,101381,41
388,101382,17
389,101408,19
390,101283,25
391,101284,50
392,101286,18
393,101288,5
394,101418,25
395,101855,11
396,101856,11
397,101857,22
398,101858,43
399,101487,2
400,101254,24
401,101255,26
402,101256,22
403,101257,3
404,101258,16
405,101259,37
406,101432,11
407,101410,29
408,101411,27
409,101412,36
410,101431,8
411,101368,25
412,101369,19
413,101370,33
414,101371,15
415,101372,21
416,101507,8
417,101508,4
418,101509,31
419,108152,35
420,101353,31
421,101354,23
422,101355,7
423,101356,25
424,101969,3
425,101447,15
426,101342,17
427,101343,2
428,101344,24
429,101345,25
430,101435,14
431,101826,17
432,101827,23
433,101895,21
434,101538,11
435,101529,29
436,101530,32
437,10994,39
438,101214,7
439,101215,3
440,101642,31
441,101643,26
442,101660,16
443,101735,9
444,103297,44
445,101652,41
446,101653,25
447,101654,9
448,101670,8
449,101744,12
450,102267,17
451,102268,26
452,102345,7
453,102346,14
454,101835,47
455,101836,25
456,101189,14
457,101190,7
458,101191,10
459,101314,7
460,101293,49
461,101311,15
462,101312,31
463,101282,11
464,101300,16
465,101301,15
466,101302,14
467,101303,17
468,101864,5
469,101419,25
470,101420,21
471,101421,13
472,101848,9
473,101488,31
474,101489,26
475,101490,7
476,101204,8
477,101315,11
478,101332,30
479,101333,9
480,101334,15
481,101336,31
482,101304,46
483,101321,53
484,101322,4
485,101323,6
486,101324,23
487,101305,11
488,101306,2
489,101307,32
490,101310,30
491,101871,33
492,101210,42
493,101211,16
494,101212,3
495,101213,14
496,101234,28
497,101449,21
498,101451,27
499,101272,13
500,101273,25
501,101338,32
502,101436,12
503,101437,33
504,101438,16
505,101196,34
506,101633,18
507,101384,18
508,101519,8
509,10408567,14
510,10103780,9
511,101869,11
512,101831,35
513,101832,3
514,101205,3
515,101206,43
516,101207,28
517,101423,5
518,101208,26
519,101425,16
520,101427,14
521,101428,16
522,101429,12
523,101446,16
524,101416,4
525,101391,41
526,101413,8
527,101414,11
528,101415,41
529,101417,7
530,101891,12
531,101892,31
532,101893,4
533,101894,5
534,107582,17
535,101853,11
536,101235,14
537,101236,13
538,101237,21
539,101238,9
540,101260,27
541,101433,9
542,101339,11
543,101340,14
544,101341,28
545,101357,8
546,101358,19
547,101398,8
548,101394,5
549,101395,4
550,101397,3
551,101441,27
552,101442,7
553,101547,11
554,101548,28
555,101549,27
556,101520,17
557,101521,13
558,107581,19
559,101245,14
560,101247,14
561,101346,6
562,101362,43
563,101889,17
564,101890,4
565,101556,23
566,101596,11
567,101597,11
568,101649,9
569,101650,25
570,101665,21
571,101740,6
572,101677,42
573,101678,15
574,101679,31
575,101725,32
576,101726,12
577,101575,15
578,101908,12
579,101909,56
580,101574,26
581,101203,24
582,101266,66
583,101262,24
584,101263,23
585,101264,24
586,101265,45
587,101468,9
588,101317,10
589,101318,6
590,101320,4
591,101337,9
592,101223,56
593,101224,36
594,101225,15
595,101226,32
596,101227,52
597,101849,20
598,101850,19
599,101851,57
600,101854,32
601,101296,7
602,101297,20
603,101298,6
604,101299,25
605,101316,7
606,101228,8
607,101229,42
608,101230,28
609,101231,44
610,101233,33
611,102598,18
612,102599,36
613,102600,39
614,102601,15
615,102602,9
616,102378,10
617,102734,20
618,102375,5
619,102376,9
620,102511,21
621,102512,22
622,102584,5
623,102603,42
624,102604,23
625,102449,10
626,102450,7
627,102523,11
628,102524,15
629,102554,5
630,102556,18
631,102620,43
632,102478,23
633,102479,16
634,102358,31
635,102359,10
636,102360,19
637,102361,5
638,102735,17
639,101349,11
640,101351,5
641,101271,26
642,101289,32
643,101295,15
644,101359,5
645,101360,10
646,101361,8
647,101378,31
648,101377,5
649,101456,11
650,101279,19
651,101280,41
652,102390,3
653,102391,28
654,102392,14
655,102393,16
656,102394,19
657,102630,47
658,102444,20
659,102445,13
660,102518,6
661,102569,20
662,102570,4
663,102571,18
664,102642,5
665,103164,7
666,103165,29
667,102747,18
668,103142,1
669,102396,18
670,102398,19
671,102399,16
672,102400,31
673,102423,26
674,102583,15
675,102447,26
676,102448,29
677,102466,33
678,102467,27
679,102572,14
680,102593,27
681,102594,6
682,102595,42
683,101937,66
684,103183,36
685,103184,70
686,103185,38
687,103186,7
688,102379,9
689,102401,17
690,102403,37
691,107600,28
692,102404,4
693,102605,13
694,102606,10
695,102469,22
696,102470,1
697,102471,8
698,102525,26
699,102526,11
700,102596,9
701,102597,13
702,102480,59
703,102481,23
704,102482,25
705,103204,16
706,103205,23
707,102736,16
708,102737,38
709,102363,28
710,102365,22
711,102406,6
712,101290,14
713,101291,8
714,101292,2
715,101464,23
716,101465,11
717,101379,17
718,101457,7
719,101458,10
720,101460,18
721,101281,16
722,103209,22
723,102743,19
724,102744,3
725,102745,7
726,102417,5
727,102418,58
728,102419,7
729,102420,11
730,102519,51
731,102520,9
732,102539,26
733,102540,15
734,102608,18
735,102643,27
736,102432,9
737,102433,36
738,102434,45
739,102646,37
740,103143,2
741,103144,47
742,103145,25
743,102671,14
744,102672,9
745,102424,21
746,102425,17
747,102426,21
748,102427,11
749,102465,12
750,102541,30
751,102542,12
752,102543,9
753,102544,25
754,102562,20
755,102435,4
756,102436,13
757,102504,42
758,102505,18
759,102506,25
760,103147,6
761,103166,7
762,103167,28
763,103168,57
764,102405,9
765,102428,16
766,102429,30
767,102489,9
768,102490,34
769,102564,14
770,102565,17
771,102614,14
772,102615,51
773,102619,19
774,102507,7
775,102508,22
776,103206,31
777,103207,1
778,103208,31
779,103171,21
780,101466,2
781,101467,17
782,101544,6
783,101828,7
784,101829,19
785,101461,16
786,101462,6
787,101843,48
788,104809,19
789,101845,31
790,101846,16
791,102746,5
792,102362,23
793,102667,4
794,102668,20
795,102669,25
796,102460,6
797,102461,31
798,102462,21
799,102464,11
800,102537,28
801,102609,32
802,102610,3
803,102611,10
804,102612,22
805,102475,6
806,102648,13
807,102649,12
808,102454,5
809,102528,6
810,102529,3
811,102702,14
812,102703,22
813,102704,5
814,102370,10
815,102483,56
816,102484,14
817,102485,4
818,102486,25
819,102613,30
820,102631,13
821,102632,18
822,102633,30
823,102456,4
824,102457,18
825,102458,31
826,102459,5
827,102551,8
828,103169,7
829,102706,2
830,102707,29
831,102733,18
832,102431,16
833,102437,8
834,102488,13
835,102509,10
836,102510,22
837,102566,14
838,102567,37
839,102634,8
840,102635,34
841,102574,18
842,102575,11
843,102576,11
844,102552,20
845,102553,18
846,103187,8
847,103188,21
848,103189,23
849,102732,14
850,101363,63
851,101364,19
852,101365,9
853,101347,19
854,101348,13
855,101830,11
856,101274,11
857,101275,35
858,101276,16
859,101847,14
860,101373,11
861,101374,17
862,101375,22
863,101376,71
864,102670,32
865,102366,61
866,102367,14
867,102368,24
868,102369,28
869,102530,15
870,102531,14
871,102532,38
872,103162,8
873,103163,18
874,102500,23
875,102501,52
876,102502,4
877,102503,27
878,102521,34
879,102557,25
880,102558,4
881,102559,21
882,102560,29
883,102629,17
884,102371,4
885,102372,9
886,102373,48
887,102374,4
888,102395,11
889,102477,22
890,102498,17
891,102499,19
892,102550,17
893,102561,14
894,102581,21
895,102582,14
896,102585,25
897,102170,13
898,102230,26
899,102232,4
900,102233,7
901,102353,18
902,102354,23
903,102355,17
904,101935,7
905,101936,13
906,102112,26
907,102113,0
908,102114,5
909,102206,32
910,102010,5
911,102011,4
912,102040,12
913,102041,15
914,102042,1
915,102107,9
916,102108,17
917,102109,19
918,102110,7
919,102663,4
920,101919,54
921,101920,21
922,101921,14
923,101922,1
924,102440,6
925,102441,35
926,102442,19
927,102443,31
928,102513,8
929,102590,47
930,102591,9
931,102592,43
932,102452,20
933,102580,19
934,102644,20
935,102645,44
936,102621,29
937,102622,12
938,102696,29
939,102698,17
940,101924,16
941,101925,14
942,101926,6
943,102059,7
944,102148,7
945,102149,10
946,102150,20
947,102172,4
948,102249,9
949,102079,20
950,102080,21
951,102100,15
952,102101,19
953,102047,7
954,102048,21
955,102049,34
956,102050,21
957,102051,8
958,101929,3
959,101931,52
960,101932,42
961,101933,20
962,102090,26
963,102174,26
964,102175,14
965,102176,18
966,102177,15
967,102102,37
968,102103,27
969,102105,44
970,102127,16
971,102234,12
972,102106,3
973,102650,31
974,102651,16
975,101938,5
976,101939,4
977,101954,4
978,101955,19
979,102207,36
980,102208,9
981,102209,5
982,102210,49
983,102128,4
984,102129,2
985,102130,12
986,102131,24
987,102654,14
988,102673,14
989,102675,8
990,102676,13
991,101923,15
992,101940,11
993,101941,19
994,101942,19
995,101943,6
996,102533,3
997,102534,27
998,102535,10
999,103014,27
1000,102536,27
1001,102607,6
1002,102453,10
1003,102472,19
1004,102473,17
1005,102474,46
1006,102546,9
1007,102623,11
1008,102624,21
1009,103137,6
1010,103138,15
1011,101927,32
1012,101928,21
1013,101945,27
1014,101946,28
1015,101947,34
1016,102173,15
1017,101998,12
1018,101999,38
1019,102001,15
1020,102002,13
1021,102192,32
1022,102193,23
1023,102194,14
1024,102223,27
1025,102717,25
1026,102718,34
1027,102738,3
1028,102739,6
1029,101934,31
1030,101949,17
1031,101950,27
1032,101951,6
1033,101952,19
1034,102003,12
1035,102034,6
1036,102035,16
1037,102036,25
1038,102224,12
1039,102225,38
1040,102226,7
1041,102227,24
1042,102652,10
1043,102653,46
1044,102742,8
1045,102347,51
1046,101957,36
1047,101958,7
1048,101978,12
1049,101991,3
1050,102038,12
1051,102039,6
1052,102062,17
1053,102063,19
1054,102255,28
1055,102256,27
1056,102257,9
1057,102258,19
1058,102351,22
1059,102655,13
1060,102656,10
1061,102657,10
1062,101944,27
1063,101960,33
1064,101961,21
1065,101962,18
1066,102625,18
1067,102626,33
1068,102628,43
1069,102491,8
1070,102547,20
1071,102548,24
1072,102549,10
1073,102616,22
1074,103139,4
1075,103140,8
1076,103141,47
1077,102380,36
1078,102382,24
1079,101948,21
1080,101965,8
1081,101966,4
1082,101967,9
1083,102097,31
1084,102098,1
1085,102099,22
1086,102121,21
1087,101990,9
1088,102082,12
1089,102083,36
1090,102084,11
1091,102693,6
1092,102719,39
1093,102720,36
1094,102721,49
1095,101953,28
1096,101971,5
1097,101972,29
1098,101974,11
1099,102124,21
1100,102125,40
1101,102126,4
1102,103723,18
1103,102151,16
1104,102152,8
1105,102228,7
1106,102166,7
1107,102167,38
1108,102169,29
1109,102348,25
1110,102349,21
1111,102350,1
1112,102723,37
1113,102352,21
1114,101992,23
1115,101993,26
1116,101994,45
1117,102091,27
1118,102153,30
1119,102154,11
1120,102155,10
1121,102178,16
1122,102179,12
1123,102262,10
1124,102263,6
1125,102264,14
1126,102265,33
1127,102658,37
1128,102357,12
1129,102661,27
1130,102662,63
1131,101963,14
1132,107665,7
1133,107867,18
1134,107523,17
1135,107699,11
1136,107913,18
1137,107642,22
1138,107566,14
1139,107743,21
1140,107790,3
1141,107758,23
1142,107759,4
1143,107651,10
1144,107664,17
1145,107522,12
1146,107864,49
1147,107760,38
1148,107721,31
1149,107594,6
1150,107928,37
1151,107643,3
1152,103355,3
1153,107895,3
1154,102156,16
1155,107893,46
1156,107894,10
1157,102422,21
1158,102451,25
1159,104155,10
1160,102955,14
1161,104062,24
1162,105117,29
1163,107663,11
1164,107602,38
1165,104816,30
1166,107625,3
1167,107525,36
1168,107662,6
1169,107900,5
1170,107640,25
1171,107516,32
1172,107517,12
1173,107918,16
1174,107700,6
1175,107521,34
1176,107763,49
1177,107919,8
1178,107799,20
1179,107589,4
1180,103874,14
1181,107618,9
1182,10101184,10
1183,107639,4
1184,107645,20
1185,107635,32
1186,107629,4
1187,107609,13
1188,107610,27
1189,107650,28
1190,107646,20
1191,107647,10
1192,107696,43
1193,107694,4
1194,107722,7
1195,107723,5
1196,107669,22
1197,107745,11
1198,10100005,2
1199,10100048,25
1200,10100075,30
1201,10100099,24
1202,10100140,36
1203,10100625,5
1204,10100639,9
1205,10100640,6
1206,10100765,5
1207,10100784,37
1208,10100921,30
1209,10101178,20
1210,10102769,7
1211,102788,3
1212,10106978,2
1213,10106928,7
1214,10106915,10
1215,10107099,22
1216,10106946,7
1217,10107096,47
1218,10113819,31
1219,10107098,2
1220,10106922,17
1221,10107084,39
1222,10106951,38
1223,10106999,22
1224,10106920,24
1225,10106934,36
1226,10106914,14
1227,10106927,5
1228,10106947,28
1229,10113970,7
1230,10106952,13
1231,10113969,12
1232,10106948,10
1233,10113971,14
1234,10132686,25
1235,10132614,3
1236,10133253,6
1237,10132680,19
1238,10102222,25
1239,10107004,2
1240,10132696,17
1241,106031,18
1242,10132722,3
1243,104680,13
1244,10132698,0
1245,10132599,20
1246,10132691,3
1247,10132694,25
1248,10102632,27
1249,10107027,25
1250,10107091,25
1251,10132683,16
1252,10114006,22
1253,10102568,0
1254,10132721,15
1255,10102681,27
1256,10107080,15
1257,10132762,7
1258,10132693,11
1259,10106971,10
1260,10101892,21
1261,10101942,35
1262,10102658,63
1263,10102367,10
1264,10101889,27
1265,10101886,4
1266,10102475,7
1267,10101873,7
1268,10102703,51
1269,10102178,2
1270,10101991,16
1271,10102605,10
1272,10102534,33
1273,10102316,28
1274,10108359,10
1275,10113816,4
1276,10145524,2
1277,10102573,13
1278,10102051,41
1279,10101882,1
1280,10102542,27
1281,10102382,3
1282,10102569,8
1283,10101948,12
1284,10114031,12
1285,10107006,11
1286,10102466,14
1287,10102479,0
1288,10119784,38
1289,10102283,11
1290,10121422,13
1291,10108965,25
1292,10102607,10
1293,10132719,29
1294,10121909,12
1295,10121703,17
1296,10119834,3
1297,106072,15
1298,10101785,21
1299,10102690,7
1300,10120748,5
1301,10120336,13
1302,10108882,11
1303,10120651,16
1304,10102198,3
1305,10109080,11
1306,10131866,5
1307,103172,17
1308,10121117,14
1309,10122732,1
1310,10122173,4
1311,10121738,7
1312,10121659,10
1313,10106895,1
1314,10119282,20
1315,10119357,25
1316,10120582,4
1317,10108457,29
1318,10122400,3
1319,10121460,33
1320,10122755,11
1321,10133166,4
1322,10134949,8
1323,10133518,2
1324,10368453,10
1325,10326483,28
1326,10133333,17
1327,10133418,15
1328,10102581,0
1329,10102350,14
1330,10120550,16
1331,10136642,0
1332,10133664,14
1333,10134965,15
1334,10138071,15
1335,10114005,2
1336,10115503,1
1337,10102220,26
1338,10138286,1
1339,10134978,14
1340,10106907,20
1341,10137974,8
1342,10143635,3
1343,10143709,1
1344,10138287,13
1345,10145022,12
1346,10139359,1
1347,10145020,4
1348,10145404,25
1349,10396815,3
1350,10140652,0
1351,10133336,21
1352,10138290,2
1353,10399371,3
1354,10147095,0
1355,10147131,2
1356,10139361,11
1357,10145690,2
1358,10147142,11
1359,10207104,0
1360,10134758,9
1361,10250731,6
1362,10139524,32
1363,10146364,5
1364,10147101,14
1365,10147077,3
1366,10147088,12
1367,10147128,18
1368,10102562,0
1369,10145503,0
1370,10147102,12
1371,10233163,1
1372,10146257,21
1373,10259852,2
1374,10373574,16
1375,10372530,0
1376,10146363,5
1377,10307332,10
1378,10258261,8
1379,10341515,8
1380,10373572,20
1381,10244890,0
1382,10371432,14
1383,104679,4
1384,10323617,2
1385,10376451,9
1386,10376850,13
1387,10408058,2
1388,10376498,10
1389,10380980,23
1390,10376499,7
1391,10372532,7
1392,10380982,8
1393,10366821,2
1394,10371572,4
1395,10147130,10
1396,10381031,18
1397,10113820,10
1398,10146041,15
1399,10375344,13
1400,10315254,8
1401,10314291,4
1402,10121481,29
1403,10102679,4
1404,10334499,3
1405,10384577,3
1406,10130613,5
1407,10130511,3
1408,10373666,9
1409,10379342,4
1410,10380978,7
1411,10329381,0
1412,10312537,13
1413,10102109,12
1414,10120153,12
1415,10375083,2
1416,103952,8
1417,10407576,20
1418,10402948,10
1419,10283406,10
1420,10242511,2
1421,10406905,2
1422,10130848,16
1423,10235628,11
1424,10204339,21
1425,105364,1
1426,10408152,4
1427,10434332,5
1428,106033,10
1429,10368452,11
1430,10109113,14
1431,10141887,31
1432,10202764,17
1433,10158,4
1434,10312259,19
1435,10410308,2
1436,10117891,1
1437,10341401,0
1438,10413872,5
1439,10419394,10
1440,10147453,0
1441,10139732,2
1442,10455220,1
1443,10424068,2
1444,10186891,3
1445,10131751,2
1446,10434793,1
1447,10138500,35
1448,10100702,7
1449,10434762,9
1450,10428141,5
1451,10147207,12
1452,10122377,1
1453,10145920,2
1454,10403846,10
1455,10397308,4
1456,10345515,3
1457,10455216,2
1458,10144881,18
1459,10453770,8
1460,10454908,28
1461,10441225,0
1462,10452404,1
1463,10405671,4
1464,10101867,3
1465,10446686,34
1466,10406427,23
1467,10135038,11
1468,10454862,3
1469,10434763,24
1470,10441233,35
1471,10460349,8
1472,10429353,8
1473,10148613,26
1474,10402464,4
1475,10460352,7
1476,10460351,2
1477,10408106,4
1478,10460309,1
1479,10405100,3
1480,10102155,15
1481,10111399,30
1482,10413695,5
1483,10187044,2
1484,10460314,32
1485,10314578,9
1486,10145498,3
1487,10370771,19
1488,10369115,14
1489,10253077,11
1490,10368462,7
1491,10207050,2
1492,10460355,1
1493,10374138,3
1494,10265864,11
1495,10460267,0
1496,10122614,5
1497,10460326,3
1498,10307392,12
1499,10133164,13
1500,10373289,18
1501,10460264,15
1502,10460323,0
1503,10146357,2
1504,10460279,9
1505,10448271,13
1506,10186271,16
1507,10147187,22
1508,10137715,1
1509,10460316,12
1510,10448440,10
1511,10460265,1
1512,10221096,2
1513,10461493,2
1514,10396383,7
1515,10210581,11
1516,10450039,0
1517,10102374,2
1518,10479852,23
1519,10130555,24
1520,10481709,10
1521,10147175,21
1522,10377249,5
1523,10138616,15
1524,101859,21
1525,101711,25
1526,101631,16
1527,101722,5
1528,101656,3
1529,102341,5
1530,102824,23
1531,102825,11
1532,102826,33
1533,102899,11
1534,102900,2
1535,102901,32
1536,102902,26
1537,102903,28
1538,103001,5
1539,103097,7
1540,101809,1
1541,103098,15
1542,103123,7
1543,103124,10
1544,103125,21
1545,103175,32
1546,103176,8
1547,103195,11
1548,103196,26
1549,103197,7
1550,102853,20
1551,102854,1
1552,102855,35
1553,102866,23
1554,102867,26
1555,103023,15
1556,103049,2
1557,103050,25
1558,103051,11
1559,103052,10
1560,105058,20
1561,103135,18
1562,103136,1
1563,102886,14
1564,102887,39
1565,102888,14
1566,103198,20
1567,103199,41
1568,102757,19
1569,102758,23
1570,102864,16
1571,102865,16
1572,102950,22
1573,102951,22
1574,102952,11
1575,103434,9
1576,103435,42
1577,103436,15
1578,103437,10
1579,103438,0
1580,103761,3
1581,103762,22
1582,103763,44
1583,103764,14
1584,103643,14
1585,103914,7
1586,103915,36
1587,103916,3
1588,102755,13
1589,102815,18
1590,102816,15
1591,102817,24
1592,102844,14
1593,102876,6
1594,102877,29
1595,102991,53
1596,102992,36
1597,103096,29
1598,102953,21
1599,102954,19
1600,103031,52
1601,103032,26
1602,103151,4
1603,103152,4
1604,103173,7
1605,102848,12
1606,102849,34
1607,102850,31
1608,102851,1
1609,102995,16
1610,103019,9
1611,103020,9
1612,103021,12
1613,103034,18
1614,103035,34
1615,103132,44
1616,103133,4
1617,103181,40
1618,103182,5
1619,103200,11
1620,103201,18
1621,102956,43
1622,102957,8
1623,102958,18
1624,102959,21
1625,102960,5
1626,102884,16
1627,102885,3
1628,102904,17
1629,102905,6
1630,102906,17
1631,102984,6
1632,102985,41
1633,103064,36
1634,103065,15
1635,103066,12
1636,103202,46
1637,103203,31
1638,102763,13
1639,102764,10
1640,102839,18
1641,102840,5
1642,102841,5
1643,102842,28
1644,102843,13
1645,103351,19
1646,103352,14
1647,103353,43
1648,103354,11
1649,103615,19
1650,103616,17
1651,103617,47
1652,103618,39
1653,103656,43
1654,103765,28
1655,103766,4
1656,103767,17
1657,103768,3
1658,103546,10
1659,102756,36
1660,103148,42
1661,103149,31
1662,103150,21
1663,102760,11
1664,102845,13
1665,103033,2
1666,103007,12
1667,103008,22
1668,103099,13
1669,103100,10
1670,103122,1
1671,102879,25
1672,102880,5
1673,102881,12
1674,102846,13
1675,102847,4
1676,102893,1
1677,103160,28
1678,103161,7
1679,103177,25
1680,103178,35
1681,102993,3
1682,102994,62
1683,103090,26
1684,103114,4
1685,103115,54
1686,102923,11
1687,102924,2
1688,102925,14
1689,102926,5
1690,104912,47
1691,104913,4
1692,104914,50
1693,105035,16
1694,104915,12
1695,104777,45
1696,104778,9
1697,104779,2
1698,104780,7
1699,104919,48
1700,104920,65
1701,104921,14
1702,105021,35
1703,104862,40
1704,104863,7
1705,104879,11
1706,104963,27
1707,104964,35
1708,104993,23
1709,105118,5
1710,105119,22
1711,105120,27
1712,104783,22
1713,104784,7
1714,104797,2
1715,104798,1
1716,104799,48
1717,103067,7
1718,103068,20
1719,102913,14
1720,102914,6
1721,102943,39
1722,102889,16
1723,102890,7
1724,103004,19
1725,104756,31
1726,104757,9
1727,104758,32
1728,104759,44
1729,105116,5
1730,104785,10
1731,104786,3
1732,104787,31
1733,104894,18
1734,104974,4
1735,104975,14
1736,104976,14
1737,104844,1
1738,104908,20
1739,104909,2
1740,104910,1
1741,104911,24
1742,105049,25
1743,105050,13
1744,105051,15
1745,105052,29
1746,104790,16
1747,104791,20
1748,104792,9
1749,104804,6
1750,104997,11
1751,104998,10
1752,104999,35
1753,105000,12
1754,104935,15
1755,104932,10
1756,105063,17
1757,104933,10
1758,104934,4
1759,104936,50
1760,105053,3
1761,105070,11
1762,105071,36
1763,105072,18
1764,104793,34
1765,104794,34
1766,104795,9
1767,104796,5
1768,105022,5
1769,105023,26
1770,105024,10
1771,104878,10
1772,104965,21
1773,104966,11
1774,104824,11
1775,104825,23
1776,105121,14
1777,105122,34
1778,105073,15
1779,105074,19
1780,104800,30
1781,104813,6
1782,104814,9
1783,104815,11
1784,102986,22
1785,102987,24
1786,102988,20
1787,102989,4
1788,103005,18
1789,102868,26
1790,102869,25
1791,102870,30
1792,104760,9
1793,105104,7
1794,105105,1
1795,105106,30
1796,104761,30
1797,104788,12
1798,104801,9
1799,104802,27
1800,108043,15
1801,104977,4
1802,104854,3
1803,104855,2
1804,104856,23
1805,105012,10
1806,105013,19
1807,105014,11
1808,105015,19
1809,104763,11
1810,104764,15
1811,104765,30
1812,105054,43
1813,104806,24
1814,104810,13
1815,107592,29
1816,107595,13
1817,107593,21
1818,108042,12
1819,107591,17
1820,107617,26
1821,107596,20
1822,107801,4
1823,107557,16
1824,107742,7
1825,103006,1
1826,107556,20
1827,102892,16
1828,107896,19
1829,102171,13
1830,102915,17
1831,107740,14
1832,104994,9
1833,105082,23
1834,107701,1
1835,107929,26
1836,107622,36
1837,107888,26
1838,107921,6
1839,107519,12
1840,107762,39
1841,107518,2
1842,107868,21
1843,107915,29
1844,107914,48
1845,107916,15
1846,107641,13
1847,107917,9
1848,107524,14
1849,107605,29
1850,107606,4
1851,107927,17
1852,107586,19
1853,107577,37
1854,107578,34
1855,107619,35
1856,107579,15
1857,107636,0
1858,107632,16
1859,107621,41
1860,107631,25
1861,104899,14
1862,107634,15
1863,107644,4
1864,107628,7
1865,107747,8
1866,107648,9
1867,107652,47
1868,107649,34
1869,107698,24
1870,107697,23
1871,10380,7
1872,107667,2
1873,107720,12
1874,107833,33
1875,107653,11
1876,107630,9
1877,107802,28
1878,107668,4
1879,106468,2
1880,107746,21
1881,107611,12
1882,107744,23
1883,108365,14
1884,108077,9
1885,108155,5
1886,10100019,38
1887,10100041,39
1888,10100068,15
1889,10100076,9
1890,10100160,13
1891,10100162,10
1892,10100161,3
1893,10100192,33
1894,10100856,23
1895,10100798,3
1896,104858,18
1897,10100900,2
1898,10100920,29
1899,10101176,54
1900,10106930,4
1901,10106938,4
1902,10102061,12
1903,10106935,33
1904,10106950,22
1905,10106939,21
1906,10102395,17
1907,10106911,8
1908,104686,26
1909,10106940,33
1910,10106942,4
1911,10107086,8
1912,102961,55
1913,10107083,15
1914,104689,41
1915,10106936,25
1916,10132714,6
1917,104685,20
1918,10106919,19
1919,10106932,8
1920,10113810,29
1921,10106908,4
1922,10102328,14
1923,104692,19
1924,10107089,16
1925,10107071,20
1926,10132677,12
1927,10106926,21
1928,10113818,4
1929,10106899,26
1930,105506,22
1931,10107085,17
1932,10113812,1
1933,10106933,27
1934,10132724,39
1935,10101920,27
1936,10102574,33
1937,10133094,23
1938,10106941,8
1939,10107072,7
1940,10132597,8
1941,10106903,8
1942,10107070,15
1943,104677,19
1944,104690,15
1945,10106944,5
1946,10102252,4
1947,10106900,21
1948,10132684,15
1949,10132688,19
1950,10133834,9
1951,10102190,2
1952,10133071,21
1953,10102586,47
1954,10101861,13
1955,10133833,6
1956,10102513,5
1957,10102387,8
1958,10102459,21
1959,10102302,4
1960,10102467,18
1961,10106918,4
1962,10101923,26
1963,10102559,12
1964,10101881,27
1965,10102120,2
1966,10102622,39
1967,10102719,15
1968,10102464,11
1969,10102583,11
1970,10133663,8
1971,10101786,17
1972,10102256,15
1973,10102420,25
1974,10102538,19
1975,10101926,9
1976,10102422,5
1977,10102396,8
1978,10101945,9
1979,10102391,15
1980,10102537,7
1981,10102584,1
1982,10102561,2
1983,10102279,20
1984,10102449,25
1985,10102003,4
1986,104959,2
1987,104817,4
1988,10102663,7
1989,10101998,5
1990,10102619,7
1991,10102247,39
1992,10102571,23
1993,10102505,4
1994,10101905,1
1995,10101936,11
1996,10408703,8
1997,10102508,2
1998,10101911,33
1999,10101877,7
2000,10101852,19
2001,10102414,24
2002,10102697,13
2003,10102296,35
2004,10102047,12
2005,10108318,9
2006,10132723,20
2007,10102535,9
2008,10102211,48
2009,10102502,14
2010,10102250,16
2011,10101910,13
2012,10102624,16
2013,10108352,38
2014,10108890,29
2015,10108837,0
2016,10120567,22
2017,10102503,7
2018,10108552,24
2019,104827,10
2020,10109023,33
2021,10101883,3
2022,10108984,10
2023,10108357,6
2024,10109027,3
2025,10133479,0
2026,10121957,23
2027,10109066,8
2028,10101755,8
2029,10102694,6
2030,10102425,4
2031,10102301,16
2032,10121996,9
2033,10119600,14
2034,10102444,2
2035,10109032,12
2036,10119992,4
2037,10102520,44
2038,10122238,4
2039,10121322,17
2040,105675,12
2041,10133443,4
2042,10108950,13
2043,10119707,3
2044,10120585,12
2045,10101993,4
2046,10138040,10
2047,10108761,25
2048,10121604,0
2049,10114113,23
2050,10119984,8
2051,10121241,30
2052,10133170,30
2053,10108792,9
2054,10120329,6
2055,10119936,7
2056,10289111,5
2057,10134786,10
2058,10133171,9
2059,10120519,9
2060,10133037,23
2061,10122049,0
2062,10121463,18
2063,10120871,17
2064,10119831,0
2065,10119811,5
2066,10121055,0
2067,10102518,21
2068,10121986,1
2069,10121208,9
2070,10132687,8
2071,10121139,29
2072,10122247,13
2073,10107025,17
2074,10123013,15
2075,10122683,7
2076,10123014,10
2077,10123158,1
2078,10133341,9
2079,10134769,9
2080,10122094,8
2081,10134515,26
2082,10134721,7
2083,10120730,25
2084,10133516,3
2085,10133517,4
2086,10106931,50
2087,10119615,6
2088,10120557,4
2089,10121713,21
2090,10134712,17
2091,10134447,1
2092,10101913,16
2093,10134540,3
2094,10314538,3
2095,10120123,16
2096,10134761,11
2097,10134993,8
2098,10134663,2
2099,10121822,9
2100,10134627,15
2101,10134545,33
2102,10137978,4
2103,10136074,6
2104,10134603,9
2105,10138018,6
2106,10138027,7
2107,10108555,28
2108,10143706,16
2109,10134807,32
2110,10133521,9
2111,10139514,8
2112,10133342,16
2113,10101938,4
2114,10137815,10
2115,10140697,5
2116,10145497,4
2117,10139516,9
2118,10108332,26
2119,10139520,45
2120,10140696,12
2121,10134514,7
2122,10146365,11
2123,10147182,3
2124,10147136,3
2125,10133403,26
2126,10138026,31
2127,10102402,16
2128,10147086,32
2129,10147099,6
2130,10147203,21
2131,10143637,1
2132,10102145,4
2133,10407678,1
2134,10147188,8
2135,10122403,15
2136,10140676,3
2137,10139503,17
2138,10147176,2
2139,10133404,2
2140,10147145,3
2141,10147193,8
2142,10261283,7
2143,10314390,18
2144,10147177,3
2145,10139363,11
2146,10139240,2
2147,10147184,6
2148,10258185,9
2149,10147340,7
2150,10190535,11
2151,10147147,5
2152,10147097,17
2153,10138493,21
2154,10147081,29
2155,10145018,26
2156,10147087,2
2157,10139365,16
2158,10258250,0
2159,10255696,9
2160,10172119,2
2161,10102572,3
2162,10136466,7
2163,10258184,1
2164,10233145,1
2165,10150051,19
2166,10207182,0
2167,10146356,35
2168,10258254,18
2169,10134596,2
2170,10130593,28
2171,10258187,8
2172,10402551,9
2173,10261281,6
2174,10258258,17
2175,10261282,10
2176,10147185,5
2177,10147200,3
2178,10371806,7
2179,10208786,3
2180,10314652,10
2181,10309925,17
2182,10210510,15
2183,10147345,21
2184,10405107,8
2185,10272687,14
2186,10101884,21
2187,10289116,12
2188,10314397,14
2189,10272684,0
2190,10293257,1
2191,10149616,10
2192,10326481,12
2193,10368450,14
2194,10136414,27
2195,10314542,9
2196,10145431,1
2197,10314651,9
2198,10108958,3
2199,10258253,11
2200,10258256,12
2201,10122464,23
2202,10119889,9
2203,10314665,19
2204,10314387,19
2205,10376518,2
2206,10367781,6
2207,10258251,32
2208,10370532,7
2209,10376363,22
2210,10145839,16
2211,104887,5
2212,10147199,4
2213,10307268,13
2214,10373897,18
2215,10143710,18
2216,10376841,28
2217,10235625,14
2218,10375854,3
2219,10138859,11
2220,10406425,4
2221,10140698,5
2222,10271274,9
2223,10138070,12
2224,10367899,10
2225,10373820,15
2226,10379514,10
2227,10314543,23
2228,10375273,4
2229,10380929,2
2230,10408199,8
2231,10408202,4
2232,10190525,1
2233,10380962,12
2234,10380975,12
2235,10274073,5
2236,10255694,2
2237,10244884,9
2238,10250924,1
2239,10122034,14
2240,10314540,16
2241,10147620,11
2242,10371808,2
2243,10393385,14
2244,10233165,19
2245,10381134,29
2246,10232194,25
2247,10402112,4
2248,10374438,11
2249,10381027,5
2250,10139142,8
2251,10400298,16
2252,10367975,8
2253,10102373,3
2254,10383608,10
2255,10380963,3
2256,10134939,8
2257,10402949,15
2258,10379805,7
2259,10102370,21
2260,10376974,2
2261,10393398,8
2262,10402115,5
2263,10102582,10
2264,10233169,38
2265,10318568,19
2266,10402554,9
2267,10375523,16
2268,10402631,1
2269,10134869,3
2270,10179325,4
2271,10147330,21
2272,10407131,3
2273,10406306,11
2274,10407846,1
2275,10369725,14
2276,10380967,4
2277,10406307,27
2278,10147080,2
2279,10316193,10
2280,10289112,2
2281,10101984,9
2282,10406012,22
2283,10408108,7
2284,10407135,3
2285,10408148,4
2286,10101934,38
2287,10146258,8
2288,10408151,16
2289,10101833,5
2290,10379671,4
2291,10170008,5
2292,10371809,2
2293,10238513,6
2294,10326806,2
2295,10424656,6
2296,10410131,19
2297,10255539,5
2298,10408141,10
2299,10315898,18
2300,10367391,4
2301,10406953,4
2302,10410781,2
2303,10322860,9
2304,10370475,10
2305,10284832,6
2306,10394282,9
2307,10410279,16
2308,10351109,2
2309,10274091,22
2310,10405625,19
2311,10432639,24
2312,10325819,1
2313,10406301,5
2314,10101937,4
2315,10146256,30
2316,10221094,18
2317,10411310,25
2318,10434794,2
2319,10370539,4
2320,10383702,4
2321,10461497,5
2322,10141878,19
2323,10381302,5
2324,10254112,24
2325,10327127,2
2326,10401284,8
2327,10102621,15
2328,10271273,16
2329,10455271,4
2330,104831,2
2331,10426242,22
2332,10109082,15
2333,10138700,12
2334,10426451,16
2335,10453912,11
2336,10406240,5
2337,10408704,3
2338,10448333,8
2339,10148430,23
2340,10373494,22
2341,10378278,3
2342,10101916,10
2343,10233170,6
2344,10441477,1
2345,10106925,1
2346,10460260,4
2347,10444280,1
2348,10101918,8
2349,10131117,2
2350,10210497,30
2351,10455272,10
2352,10377345,23
2353,10104331,1
2354,10147487,2
2355,10286237,31
2356,10378545,1
2357,10122071,7
2358,10440555,2
2359,10145865,2
2360,10382281,8
2361,10311127,5
2362,10134711,6
2363,10137767,11
2364,10455480,17
2365,10315610,13
2366,10454952,2
2367,10450155,2
2368,10131114,3
2369,105040,0
2370,10134764,14
2371,10276834,8
2372,10408205,15
2373,10208944,7
2374,10405056,10
2375,10460318,2
2376,10148297,9
2377,10147154,9
2378,10394509,3
2379,10460315,17
2380,10445193,10
2381,10145951,9
2382,10328381,21
2383,10434639,7
2384,10374944,2
2385,10460284,0
2386,10450244,13
2387,10145402,12
2388,10393667,4
2389,10145504,7
2390,10147146,3
2391,10314615,12
2392,10460347,11
2393,10448434,10
2394,10333949,7
2395,10345955,1
2396,10368982,16
2397,10439188,1
2398,10301568,0
2399,10381241,21
2400,10429940,1
2401,10460321,0
2402,10102162,1
2403,10412590,3
2404,10148100,14
2405,10461989,13
2406,10460327,2
2407,10380971,4
2408,10114112,31
2409,10371435,3
2410,10460348,2
2411,10410672,8
2412,10233154,20
2413,10455481,15
2414,10438606,7
2415,10408143,16
2416,10120306,8
2417,10408060,10
2418,10408062,1
2419,10146504,2
2420,10305709,20
2421,10374765,18
2422,10460337,29
2423,10223158,4
2424,10499397,10
2425,10452192,3
2426,10367048,10
2427,10187087,2
2428,10220903,1
2429,10109260,0
2430,10327492,1
2431,10462997,3
2432,10186269,2
2433,10461990,35
2434,10408194,7
2435,10445481,6
2436,10460294,15
2437,10366134,7
2438,10490626,10
2439,10283409,10
2440,10462837,1
2441,10159733,16
2442,10460297,4
2443,10147665,10
2444,10419489,15
2445,10297672,6
2446,10455482,11
2447,10109022,11
2448,10460291,16
2449,10394324,2
2450,10460285,3
2451,10439600,20
2452,10139119,15
2453,10406346,8
2454,10416941,11
2455,10134763,7
2456,10445766,9
2457,10462998,2
2458,10135921,11
2459,10460292,2
2460,10139146,2
2461,10147134,2
2462,10488251,0
2463,10443204,0
2464,10208833,0
2465,10381025,12
2466,10235605,7
2467,10490539,1
2468,10441075,1
2469,10186283,8
2470,10428738,35
2471,10490522,0
2472,10505859,23
2473,10146044,7
2474,10522987,2
2475,10369630,3
2476,10444211,6
2477,10186334,1
2478,10314663,3
2479,10482894,5
2480,10490629,6
2481,10137878,1
2482,10402946,0
2483,10489741,13
2484,10147444,7
2485,10102531,4
2486,10148475,10
2487,10447991,1
2488,10307247,13
2489,10372566,0
2490,10482229,12
2491,10438902,13
2492,10214817,6
2493,10144180,0
2494,105081,7
2495,105113,5
2496,105115,4
2497,104821,8
2498,105016,12
2499,105017,24
2500,105018,14
2501,105019,6
2502,105020,4
2503,104845,23
2504,104846,15
2505,104847,36
2506,10675,10
2507,102017,8
2508,104859,1
2509,104860,5
2510,104872,1
2511,104873,9
2512,104874,12
2513,104773,7
2514,104774,2
2515,104775,14
2516,10123239,7
2517,106721,24
2518,103533,3
2519,103474,5
2520,102088,3
2521,103277,31
2522,104776,17
2523,104789,34
2524,104960,11
2525,105029,19
2526,105030,7
2527,105031,6
2528,105032,2
2529,104896,18
2530,104897,18
2531,104898,6
2532,104917,18
2533,104996,21
2534,104889,13
2535,105799,9
2536,105984,35
2537,105817,7
2538,105818,25
2539,105819,16
2540,102052,4
2541,106026,5
2542,106015,51
2543,106016,20
2544,105784,11
2545,106017,22
2546,106018,7
2547,105779,15
2548,105795,14
2549,105796,8
2550,105802,34
2551,105803,24
2552,102085,13
2553,105872,0
2554,102741,42
2555,105933,28
2556,105934,8
2557,105950,43
2558,105951,16
2559,105864,31
2560,106009,32
2561,106010,25
2562,106011,16
2563,106012,0
2564,106013,20
2565,105128,12
2566,105129,10
2567,105130,42
2568,105131,22
2569,105603,19
2570,105782,31
2571,105783,30
2572,105805,15
2573,105806,16
2574,105825,32
2575,104978,25
2576,105891,17
2577,105892,10
2578,105953,18
2579,105954,17
2580,105970,21
2581,105971,44
2582,105923,7
2583,105903,11
2584,105800,33
2585,105904,18
2586,105960,10
2587,105961,7
2588,105994,20
2589,105737,12
2590,105738,27
2591,105739,25
2592,105740,14
2593,105788,40
2594,105789,30
2595,105828,10
2596,103612,9
2597,105829,13
2598,105846,23
2599,105847,13
2600,105912,20
2601,105973,11
2602,105974,25
2603,105812,32
2604,105813,9
2605,105983,19
2606,105963,23
2607,105964,41
2608,105880,7
2609,105881,37
2610,105882,10
2611,105998,6
2612,106014,12
2613,106000,36
2614,106001,15
2615,106002,29
2616,106003,40
2617,105794,18
2618,105849,55
2619,105850,14
2620,105866,26
2621,105867,55
2622,105932,38
2623,105815,15
2624,105816,9
2625,105835,16
2626,105836,8
2627,105820,23
2628,105884,8
2629,105940,25
2630,105941,17
2631,105942,32
2632,105943,6
2633,106046,21
2634,106020,10
2635,106021,36
2636,101970,17
2637,106022,5
2638,106023,34
2639,105804,11
2640,105869,14
2641,105870,15
2642,105885,16
2643,105886,14
2644,105952,10
2645,105838,40
2646,105839,15
2647,105856,42
2648,105857,20
2649,106032,32
2650,105445,26
2651,105446,28
2652,105552,25
2653,105553,3
2654,105133,31
2655,105134,28
2656,105135,6
2657,105609,29
2658,105610,17
2659,105826,36
2660,103901,23
2661,105827,28
2662,105888,7
2663,105889,22
2664,105905,16
2665,105972,32
2666,105859,12
2667,105860,12
2668,105875,19
2669,105876,28
2670,105962,4
2671,105326,19
2672,105327,33
2673,105985,19
2674,105986,22
2675,105999,4
2676,105743,7
2677,105744,11
2678,105745,19
2679,105746,32
2680,105848,4
2681,105908,21
2682,105909,16
2683,105925,6
2684,105926,20
2685,105814,5
2686,105878,19
2687,105879,12
2688,105895,2
2689,105896,25
2690,105897,15
2691,105883,6
2692,105988,6
2693,105989,33
2694,106004,28
2695,106019,31
2696,105748,29
2697,105749,19
2698,105750,19
2699,105751,31
2700,105868,30
2701,105928,16
2702,105929,23
2703,105945,3
2704,105946,20
2705,105837,9
2706,105899,30
2707,105915,9
2708,105916,21
2709,105917,9
2710,105944,25
2711,105408,6
2712,105409,27
2713,105520,63
2714,105521,20
2715,106056,12
2716,105753,23
2717,105754,20
2718,105755,19
2719,105756,13
2720,105887,31
2721,105948,16
2722,105949,34
2723,105965,29
2724,105966,23
2725,105858,28
2726,105919,37
2727,105935,23
2728,105936,7
2729,105937,6
2730,105554,5
2731,105592,34
2732,105593,15
2733,105594,11
2734,105595,5
2735,105138,0
2736,105139,16
2737,105140,17
2738,104989,53
2739,105141,33
2740,105142,18
2741,105906,1
2742,105907,7
2743,105968,3
2744,105969,35
2745,105807,16
2746,105877,17
2747,105939,11
2748,105955,30
2749,105956,25
2750,105957,20
2751,105987,22
2752,106073,36
2753,105723,29
2754,105724,14
2755,105725,18
2756,105747,23
2757,105765,10
2758,105766,24
2759,105767,9
2760,105768,22
2761,105927,14
2762,105809,42
2763,105810,6
2764,105811,5
2765,105830,19
2766,105898,3
2767,105959,12
2768,105975,12
2769,105976,27
2770,105977,13
2771,106005,21
2772,106006,32
2773,105727,10
2774,105990,54
2775,105991,39
2776,105752,7
2777,105770,39
2778,105771,42
2779,105772,26
2780,105773,4
2781,105947,47
2782,105832,23
2783,105833,7
2784,105834,16
2785,105851,17
2786,105918,3
2787,105979,7
2788,105797,5
2789,105798,5
2790,105522,28
2791,103288,21
2792,106007,39
2793,106008,40
2794,106024,28
2795,106025,4
2796,105757,32
2797,105775,28
2798,105776,18
2799,105777,1
2800,105778,11
2801,105967,29
2802,105853,7
2803,105854,11
2804,105855,14
2805,105871,26
2806,105938,19
2807,105801,23
2808,105861,26
2809,105862,13
2810,105863,4
2811,105123,39
2812,105124,21
2813,105125,3
2814,105126,11
2815,102700,15
2816,105598,16
2817,105184,65
2818,105185,34
2819,105186,31
2820,105187,6
2821,105188,25
2822,105763,19
2823,105764,7
2824,105780,20
2825,105781,13
2826,105808,28
2827,105873,26
2828,101399,12
2829,105874,9
2830,105890,11
2831,105958,3
2832,105865,17
2833,105920,59
2834,105921,16
2835,105922,51
2836,105726,1
2837,105732,48
2838,105733,11
2839,105734,11
2840,105735,13
2841,105769,14
2842,105978,13
2843,105924,54
2844,105980,21
2845,105981,21
2846,105982,11
2847,105852,15
2848,105913,32
2849,105914,3
2850,105930,30
2851,105931,16
2852,105785,19
2853,105786,12
2854,105787,21
2855,105992,4
2856,105993,12
2857,105995,15
2858,105996,27
2859,105997,25
2860,105831,6
2861,105893,14
2862,105894,14
2863,105910,15
2864,105911,19
2865,105774,7
2866,105790,39
2867,105791,25
2868,105792,6
2869,105793,55
2870,104866,13
2871,106101,13
2872,106102,16
2873,106103,9
2874,106104,7
2875,106230,40
2876,106234,13
2877,106235,6
2878,106236,7
2879,106237,8
2880,106308,15
2881,106309,44
2882,106338,19
2883,106339,11
2884,106340,37
2885,106203,5
2886,107588,27
2887,107603,11
2888,107604,36
2889,107870,13
2890,107536,18
2891,107537,17
2892,107538,16
2893,107624,15
2894,107539,7
2895,107554,3
2896,107561,21
2897,107562,11
2898,107563,9
2899,107564,14
2900,106341,12
2901,106342,9
2902,106367,8
2903,106368,17
2904,106238,19
2905,106379,13
2906,106380,6
2907,106381,11
2908,106369,43
2909,106286,13
2910,106434,8
2911,106435,27
2912,106455,10
2913,106456,18
2914,106457,1
2915,106197,10
2916,106198,12
2917,106204,5
2918,106205,17
2919,106206,22
2920,106370,32
2921,106371,23
2922,106387,4
2923,106388,2
2924,106389,16
2925,106288,3
2926,106289,13
2927,106290,4
2928,106348,8
2929,106349,14
2930,106463,33
2931,106479,10
2932,106480,40
2933,106481,6
2934,106482,24
2935,106294,49
2936,106295,4
2937,106311,21
2938,106312,29
2939,106313,30
2940,106302,8
2941,106303,10
2942,106304,30
2943,106305,18
2944,106321,7
2945,105841,37
2946,105842,18
2947,105843,0
2948,105844,9
2949,106449,19
2950,106485,42
2951,106231,19
2952,106232,24
2953,106233,8
2954,106253,20
2955,106322,20
2956,106310,7
2957,103847,23
2958,106377,7
2959,106378,18
2960,106176,12
2961,106177,21
2962,106263,10
2963,106264,30
2964,106265,51
2965,106266,5
2966,106140,33
2967,107871,4
2968,107897,11
2969,107898,25
2970,107899,16
2971,107922,21
2972,107540,15
2973,107541,29
2974,107542,37
2975,107543,51
2976,107565,16
2977,107571,11
2978,107572,27
2979,107573,13
2980,107574,19
2981,104990,25
2982,106258,13
2983,106259,18
2984,106260,12
2985,106261,9
2986,106262,18
2987,106345,1
2988,106287,3
2989,107338,7
2990,107339,17
2991,103887,24
2992,107396,22
2993,107397,30
2994,106444,9
2995,106459,22
2996,106460,16
2997,106461,3
2998,106462,7
2999,106274,25
3000,106275,39
3001,106291,20
3002,106292,5
3003,106293,8
3004,106301,18
3005,106281,37
3006,101194,0
3007,106282,28
3008,106283,12
3009,106284,13
3010,106285,13
3011,106464,32
3012,106465,17
3013,106466,10
3014,106467,25
3015,102722,23
3016,106484,62
3017,106134,22
3018,106135,14
3019,106136,27
3020,106137,45
3021,106138,39
3022,106139,26
3023,106209,7
3024,106210,10
3025,106211,5
3026,106212,7
3027,106213,20
3028,106229,22
3029,106396,23
3030,106199,46
3031,106200,2
3032,106201,17
3033,106202,8
3034,106220,13
3035,106486,15
3036,106487,2
3037,106488,15
3038,106074,15
3039,106075,22
3040,106471,52
3041,106323,10
3042,106324,17
3043,106325,12
3044,106343,37
3045,106344,34
3046,106483,38
3047,106178,37
3048,106179,8
3049,106180,7
3050,106181,15
3051,103174,16
3052,106227,44
3053,102852,15
3054,106141,31
3055,106142,9
3056,106143,7
3057,106144,21
3058,106314,40
3059,107923,22
3060,107924,18
3061,107925,15
3062,107526,66
3063,107527,11
3064,107529,12
3065,107544,18
3066,107545,9
3067,107546,21
3068,107547,0
3069,107548,22
3070,107549,14
3071,106346,27
3072,106347,56
3073,106372,9
3074,106373,21
3075,106374,4
3076,106445,8
3077,106446,100
3078,106447,14
3079,106448,5
3080,106129,24
3081,106130,10
3082,106131,29
3083,106132,48
3084,103022,26
3085,106133,28
3086,106366,30
3087,106382,38
3088,106383,32
3089,106384,19
3090,106385,17
3091,102664,20
3092,106386,30
3093,106375,47
3094,102252,10
3095,106376,10
3096,106392,19
3097,106393,31
3098,106394,8
3099,106395,10
3100,106452,7
3101,106453,12
3102,106454,52
3103,106469,17
3104,106470,42
3105,107912,16
3106,106170,6
3107,106171,58
3108,106172,20
3109,106173,26
3110,106174,24
3111,106175,24
3112,106299,18
3113,106300,25
3114,106316,30
3115,106317,20
3116,106318,5
3117,106221,35
3118,106222,30
3119,106223,48
3120,106306,8
3121,106307,50
3122,106350,19
3123,106472,13
3124,106473,23
3125,106089,21
3126,106090,33
3127,106091,18
3128,106478,15
3129,106107,4
3130,106108,3
3131,106109,6
3132,106110,14
3133,106111,11
3134,106218,11
3135,106228,17
3136,106247,29
3137,106248,18
3138,106249,28
3139,106319,23
3140,106320,42
3141,106315,30
3142,106331,30
3143,106332,16
3144,106333,39
3145,106334,17
3146,107587,13
3147,107530,10
3148,107531,21
3149,107532,21
3150,107533,7
3151,107534,29
3152,107535,22
3153,107550,32
3154,107551,6
3155,107552,33
3156,107553,3
3157,107560,44
3158,106255,20
3159,106256,26
3160,106257,3
3161,106276,8
3162,106277,10
3163,106267,11
3164,106326,25
3165,106327,22
3166,104828,19
3167,106328,5
3168,106329,15
3169,106330,25
3170,106425,22
3171,106426,15
3172,106427,34
3173,106450,2
3174,102266,22
3175,106451,6
3176,106164,13
3177,106165,16
3178,106166,27
3179,106167,16
3180,106168,32
3181,103359,11
3182,106169,22
3183,106278,39
3184,106458,16
3185,106474,12
3186,106475,15
3187,106476,48
3188,106477,7
3189,107892,23
3190,106351,5
3191,106352,29
3192,106239,28
3193,106240,8
3194,106241,16
3195,105840,26
3196,106279,3
3197,106280,21
3198,106296,30
3199,106297,6
3200,106298,25
3201,106207,25
3202,106208,11
3203,106224,24
3204,106225,21
3205,106226,9
3206,106397,31
3207,106398,8
3208,106399,21
3209,106400,9
3210,106401,50
3211,106219,13
3212,102617,16
3213,106390,26
3214,102132,10
3215,106391,23
3216,106214,11
3217,106215,15
3218,106216,33
3219,106217,8
3220,107575,16
3221,1023,12
3222,1024,12
3223,1025,13
3224,10265,35
3225,10266,12
3226,10301,32
3227,107569,22
3228,10302,23
3229,10303,27
3230,10304,17
3231,10305,2
3232,10344,7
3233,10345,0
3234,10346,23
3235,107891,39
3236,10347,52
3237,10348,7
3238,10376,13
3239,10377,3
3240,107865,13
3241,10378,20
3242,10379,19
3243,10416,25
3244,10417,15
3245,107568,14
3246,10418,15
3247,10419,16
3248,10181,1
3249,10182,12
3250,10183,27
3251,10156,16
3252,10185,8
3253,10186,41
3254,10187,26
3255,10188,12
3256,10189,9
3257,10226,14
3258,10227,32
3259,10228,29
3260,107570,6
3261,10229,15
3262,10230,39
3263,10262,46
3264,10558,29
3265,101,16
3266,101366,4
3267,102,3
3268,103,10
3269,104,4
3270,105,7
3271,1077,29
3272,1078,12
3273,107567,12
3274,1079,24
3275,107920,47
3276,1080,45
3277,104666,11
3278,1081,18
3279,10115,14
3280,103698,11
3281,103475,20
3282,103843,13
3283,10116,37
3284,10117,19
3285,10118,10
3286,10152,7
3287,10153,10
3288,10420,34
3289,10459,30
3290,10460,7
3291,10461,6
3292,10462,15
3293,10463,18
3294,10502,22
3295,10503,15
3296,10504,36
3297,10505,48
3298,10506,28
3299,10545,12
3300,10546,12
3301,10547,1
3302,1026,8
3303,10548,18
3304,10549,26
3305,1021,42
3306,1022,6
3307,105127,2
3308,10120694,3
3309,10109092,0
3310,104302,15
3311,10460275,12
3312,10106893,1
3313,104104,9
3314,105265,12
3315,105262,18
3316,10100980,0
3317,10424071,7
3318,10283414,2
3319,10119264,11
3320,106609,10
3321,103509,21
3322,106071,9
3323,10101841,11
3324,10263,20
3325,10264,8
3326,10556,30
3327,10557,23
3328,1015,13
3329,10750,30
3330,10751,4
3331,10276227,27
3332,10752,43
3333,10787,9
3334,10788,8
3335,10789,21
3336,10790,22
3337,10808,12
3338,10108817,0
3339,10809,38
3340,10810,8
3341,10811,3
3342,10812,3
3343,10843,10
3344,10844,16
3345,10845,41
3346,10846,31
3347,10816,26
3348,10817,7
3349,10818,18
3350,105664,14
3351,10848,7
3352,10849,28
3353,10850,16
3354,10851,50
3355,10852,7
3356,10145017,24
3357,10871,15
3358,10973,12
3359,10974,24
3360,10992,27
3361,10993,14
3362,10805,14
3363,10806,32
3364,103276,25
3365,10807,21
3366,10838,3
3367,10839,2
3368,10860,14
3369,10861,8
3370,10862,42
3371,107926,17
3372,10132720,4
3373,10114117,2
3374,10863,8
3375,10204367,12
3376,10147132,44
3377,10132675,4
3378,107869,4
3379,102320,13
3380,10882,14
3381,107973,30
3382,10111080,20
3383,10102046,31
3384,103242,0
3385,10122678,16
3386,103367,32
3387,10883,1
3388,10884,21
3389,107520,8
3390,10885,35
3391,10847,6
3392,101541,22
3393,10134,8
3394,102045,6
3395,10865,28
3396,10866,6
3397,10867,7
3398,10868,25
3399,10869,27
3400,10104324,22
3401,10111506,0
3402,10870,2
3403,10431317,9
3404,10889,13
3405,10210406,23
3406,10890,9
3407,104384,16
3408,10126913,0
3409,10891,0
3410,10892,6
3411,10893,4
3412,10938,38
3413,10939,9
3414,10940,16
3415,105708,1
3416,10941,11
3417,106069,15
3418,10942,15
3419,106826,0
3420,10975,7
3421,106064,18
3422,10119488,14
3423,10995,12
3424,10996,46
3425,10748,12
3426,10107035,19
3427,10102126,22
3428,10135111,36
3429,105345,0
3430,107800,20
3431,10749,19
3432,1085,8
3433,103477,6
3434,10840,27
3435,10841,14
3436,10842,3
3437,10133169,12
3438,10872,10
3439,104621,31
3440,105075,6
3441,103379,15
3442,10814,8
3443,10113823,16
3444,103405,4
3445,10133437,0
3446,102236,1
3447,107601,9
3448,107695,18
3449,10431491,6
3450,10132905,14
3451,10102636,7
3452,105044,33
3453,104229,9
3454,105045,22
3455,107798,14
3456,105046,4
3457,105047,1
3458,10492937,3
3459,104493,8
3460,10121228,4
3461,10132717,32
3462,107741,11
3463,103987,1
3464,103988,34
3465,107633,28
3466,103989,21
3467,103990,4
3468,104394,7
3469,10349562,4
3470,105275,0
3471,10114008,30
3472,103683,20
3473,10108886,0
3474,103865,9
3475,104362,24
3476,103002,6
3477,104363,0
3478,10122669,0
3479,10188,12
3480,107791,31
3481,10102617,13
3482,10133165,10
3483,10130612,2
3484,104321,10
3485,104152,6
3486,10314667,10
3487,103024,4
3488,103105,1
3489,104153,23
3490,10550,1
3491,104154,12
3492,104599,11
3493,105900,25
3494,105901,6
3495,105902,15
3496,10416574,3
3497,105523,25
3498,10102514,5
3499,104230,8
3500,10245559,29
3501,106054,21
3502,106055,5
3503,10454753,11
3504,105736,3
3505,106057,12
3506,103830,9
3507,106058,10
3508,104105,29
3509,10444938,10
3510,104059,17
3511,104060,12
3512,104061,42
3513,104240,12
3514,104851,26
3515,104241,6
3516,104242,16
3517,103522,21
3518,10207175,24
3519,104453,3
3520,10453331,4
3521,10102651,10
3522,10354,1
3523,104710,17
3524,10102509,1
3525,10132453,0
3526,10232774,21
3527,102802,21
3528,10138597,20
3529,104454,21
3530,104254,7
3531,104094,8
3532,102806,2
3533,104096,1
3534,10108883,5
3535,104158,7
3536,104159,0
3537,104160,20
3538,103413,1
3539,103464,3
3540,10108471,7
3541,104717,46
3542,104728,5
3543,10245,1
3544,104729,6
3545,103703,21
3546,107761,10
3547,107528,7
3548,104730,3
3549,103400,3
3550,10326831,8
3551,10145501,4
3552,10115830,26
3553,104731,8
3554,10350,1
3555,107779,4
3556,10133054,21
3557,10108489,9
3558,10114030,23
3559,10437602,7
3560,105252,3
3561,103009,4
3562,104285,19
3563,104042,11
3564,102012,24
3565,103319,21
3566,104393,1
3567,104132,4
3568,105490,0
3569,104133,2
3570,104134,1
3571,107626,9
3572,107590,19
3573,107638,11
3574,10100141,22
3575,10106924,4
3576,10102628,8
3577,10121083,18
3578,107748,7
3579,10107078,44
3580,10132593,21
3581,10101858,6
3582,10102718,11
3583,10102712,5
3584,10102245,21
3585,10109075,3
3586,10102609,17
3587,10133058,5
3588,10133555,6
3589,10133254,2
3590,10102264,8
3591,10102426,14
3592,10114004,14
3593,10102262,4
3594,10133520,21
3595,10108948,8
3596,10109050,5
3597,10108508,5
3598,10102169,23
3599,10109099,2
3600,10140513,7
3601,10122008,6
3602,10134940,4
3603,10121205,24
3604,10138862,8
3605,10109062,4
3606,10138860,11
3607,10139523,2
3608,10146254,2
3609,10261261,17
3610,10133478,16
3611,10102565,9
3612,10102164,4
3613,10315522,5
3614,10109100,15
3615,10102067,29
3616,10147079,15
3617,10402545,10
3618,10122148,12
3619,10405356,2
3620,10102191,6
3621,10102297,6
3622,10410613,12
3623,10109094,14
3624,10376852,8
3625,10100021,21
3626,10145527,6
3627,10204471,2
3628,10144178,7
3629,10147138,20
3630,10374290,12
3631,10108905,3
3632,10138280,7
3633,10121214,14
3634,10114089,9
3635,10102704,4
3636,10120113,14
3637,10100655,0
3638,10438879,2
3639,10145674,3
3640,10210587,18
3641,10113807,13
3642,10113824,30
3643,10120741,13
3644,10380969,4
3645,10153361,6
3646,10318713,4
3647,10102368,4
3648,10377637,1
3649,10190530,10
3650,10113806,57
3651,10460324,6
3652,10108763,21
3653,10297674,7
3654,10101985,19
3655,10101968,7
3656,10101941,11
3657,10408379,5
3658,107580,8
3659,10107101,15
3660,10147074,9
3661,107597,5
3662,10374061,14
3663,10102575,7
3664,10145528,16
3665,10210553,4
3666,10145403,23
3667,10147139,2
3668,10313302,4
3669,10102566,10
3670,10136700,17
3671,10102214,21
3672,10119296,3
3673,10121773,8
3674,10137995,7
3675,10139726,11
3676,10114115,3
3677,10100612,5
3678,10114110,6
3679,10133337,12
3680,10395004,7
3681,10145520,1
3682,10145487,0
3683,10146253,1
3684,10408080,6
3685,10408082,13
3686,10408383,15
3687,10102378,3
3688,10134809,6
3689,10132679,16
3690,10119983,1
3691,10383844,3
3692,10438689,1
3693,10259849,4
3694,10102711,26
3695,10101870,25
3696,10101988,1
3697,10147144,0
3698,10134938,13
3699,10140662,1
3700,10345767,7
3701,10238537,3
3702,10143704,4
3703,10138278,4
3704,10408203,14
3705,10452411,1
3706,10101874,14
3707,10108522,21
3708,10102716,20
3709,10307274,38
3710,10108403,3
3711,10138495,2
3712,10146369,14
3713,10146366,12
3714,10272689,19
3715,10370702,0
3716,10143636,21
3717,10134708,1
3718,10307704,2
3719,10133393,29
3720,105002,7
3721,10186282,11
3722,10122099,3
3723,10407580,6
3724,10102604,31
3725,10146371,24
3726,10147355,8
3727,10109078,32
3728,10147357,13
3729,10379625,15
3730,10314532,14
3731,10107097,3
3732,10210600,20
3733,10102424,3
3734,10186971,5
3735,10138034,17
3736,10108765,2
3737,10102021,25
3738,10406900,12
3739,10139500,2
3740,10372529,2
3741,10133339,33
3742,10107100,2
3743,10101949,6
3744,10102312,1
3745,10122691,4
3746,10102480,40
3747,10147344,21
3748,10102226,4
3749,10102608,5
3750,10133394,9
3751,10102613,29
3752,10406986,2
3753,10109084,17
3754,10131746,0
3755,10314662,36
3756,10424301,9
3757,10114118,5
3758,10276009,13
3759,10393383,13
3760,10147343,5
3761,10101868,18
3762,107620,3
3763,10147194,24
3764,10102028,3
3765,10143638,17
3766,10101933,19
3767,10109102,10
3768,10133654,11
3769,10144425,1
3770,10413876,5
3771,10376478,9
3772,10102254,3
3773,10229463,14
3774,10250672,18
3775,10139501,10
3776,10102664,22
3777,10139728,9
3778,10376676,9
3779,10119981,1
3780,107637,27
3781,10108453,11
3782,10132682,21
3783,10132673,9
3784,10101834,10
3785,10378945,5
3786,10402624,6
3787,10372531,15
3788,10132678,5
3789,10145518,31
3790,10376761,5
3791,10370781,15
3792,10138041,7
3793,10122433,15
3794,10401882,8
3795,10380930,6
3796,10145021,7
3797,10145505,6
3798,10108425,2
3799,10100191,15
3800,10449979,0
3801,10134525,25
3802,10122475,7
3803,10378984,0
3804,10148423,2
3805,10133400,15
3806,10107001,17
3807,10314644,5
3808,10381209,7
3809,10210598,19
3810,10403624,0
3811,10147342,8
3812,10454906,6
3813,10187082,2
3814,10376854,8
3815,10376501,4
3816,10147143,4
3817,10134790,9
3818,10381170,8
3819,10380973,29
3820,10108757,16
3821,10122129,2
3822,10307370,23
3823,10138023,2
3824,10101802,9
3825,10102128,3
3826,10109091,25
3827,10146444,16
3828,10122051,4
3829,10208804,3
3830,10370849,17
3831,10101914,7
3832,10108790,12
3833,10404065,17
3834,10434795,2
3835,10107093,24
3836,10120346,2
3837,10376782,9
3838,10132727,9
3839,10134640,13
3840,10370925,1
3841,10114088,14
3842,10102180,7
3843,10102705,3
3844,10102442,36
3845,10138035,10
3846,10140321,3
3847,10138499,4
3848,10130705,13
3849,10134753,3
3850,10137975,12
3851,10147137,7
3852,10208702,8
3853,10101876,18
3854,10102183,6
3855,10401949,3
3856,10375859,14
3857,10328346,12
3858,10102654,20
3859,10102536,7
3860,10101846,3
3861,10102558,6
3862,10108447,10
3863,10133340,18
3864,10233144,0
3865,10132689,5
3866,10394569,28
3867,10108902,11
3868,10113985,3
3869,10455221,20
3870,10102530,19
3871,10102455,6
3872,10145843,19
3873,10244899,4
3874,10102377,10
3875,10101885,4
3876,10102447,7
3877,10284840,28
3878,10139357,3
3879,10102552,4
3880,10408149,22
3881,10145019,43
3882,10134452,2
3883,10101770,10
3884,10138284,9
3885,10138496,30
3886,10120513,5
3887,10314544,15
3888,10408201,8
3889,10380976,4
3890,10144975,2
3891,10408338,10
3892,10122113,3
3893,10379455,21
3894,10119829,6
3895,10241862,1
3896,10378435,11
3897,10109085,7
3898,10140693,7
3899,10377086,27
3900,10122766,9
3901,10138030,5
3902,10134538,4
3903,10397305,0
3904,10207333,0
3905,10102564,1
3906,10147201,7
3907,10146359,4
3908,10136379,52
3909,10108777,14
3910,10314650,25
3911,10395005,18
3912,10101851,5
3913,10424228,4
3914,10106921,10
3915,10119417,8
3916,10102462,4
3917,10148608,6
3918,10102376,4
3919,10138385,7
3920,10102635,6
3921,10107077,15
3922,10314528,1
3923,10146913,1
3924,10101856,14
3925,10407617,5
3926,10371810,4
3927,10135160,3
3928,10381033,3
3929,10284843,10
3930,10318090,17
3931,10379464,5
3932,10134590,10
3933,10147129,15
3934,10101992,14
3935,10346839,1
3936,10147148,9
3937,10130807,13
3938,10144636,7
3939,10108347,10
3940,10369317,12
3941,10147098,8
3942,10102352,41
3943,10132695,1
3944,10405108,2
3945,10102461,11
3946,10119994,13
3947,10408079,18
3948,10408173,2
3949,10326827,9
3950,10146045,14
3951,10427493,1
3952,10100098,52
3953,10202751,5
3954,10145435,10
3955,10143865,9
3956,10147076,21
3957,10106905,8
3958,10109104,17
3959,10108444,17
3960,10102005,16
3961,10108435,4
3962,10102343,0
3963,10102330,7
3964,10190056,5
3965,10136073,7
3966,10108539,2
3967,10102229,15
3968,10108423,27
3969,10371438,6
3970,10145681,4
3971,10114105,33
3972,10101946,4
3973,10313983,1
3974,10207037,9
3975,10138863,0
3976,10189381,10
3977,10434792,5
3978,10121867,23
3979,10143634,1
3980,10102221,26
3981,10133519,11
3982,10102325,11
3983,10138501,3
3984,10108430,14
3985,10146370,4
3986,10102471,9
3987,10378055,1
3988,10138045,1
3989,10108417,21
3990,10139727,13
3991,10123015,19
3992,10315202,29
3993,10147082,3
3994,10147192,20
3995,10133656,0
3996,10133334,10
3997,10101844,23
3998,10102610,23
3999,10139097,22
4000,10108540,4
4001,10384265,18
4002,10119612,7
4003,10102652,14
4004,10401807,3
4005,10369727,17
4006,10138281,30
4007,10133338,4
4008,10147135,0
4009,10172138,10
4010,10139354,12
4011,10368436,10
4012,10102563,40
4013,10102463,1
4014,10133666,2
4015,10122578,33
4016,10109088,14
4017,10132697,7
4018,10405672,0
4019,10380977,5
4020,10384161,2
4021,10145434,17
4022,10405109,2
4023,10102511,30
4024,10102665,4
4025,10132918,25
4026,10102371,24
4027,10145437,4
4028,10146255,10
4029,10140669,5
4030,10108857,21
4031,10384064,3
4032,10408331,2
4033,10314534,15
4034,10108880,16
4035,10101875,23
4036,10121375,5
4037,10145500,2
4038,10369803,21
4039,10147174,0
4040,105036,19
4041,107627,16
4042,10108789,5
4043,10453829,22
4044,10314062,13
4045,10109089,4
4046,10145958,15
4047,10207060,15
4048,10102631,7
4049,10453075,8
4050,10403625,0
4051,10454909,7
4052,10102510,7
4053,10375333,1
4054,10102327,12
4055,10108813,12
4056,10145433,2
4057,10307335,8
4058,10138033,6
4059,10146105,18
4060,10102671,4
4061,10101845,8
4062,10250861,16
4063,10190998,11
4064,10121324,3
4065,10258255,4
4066,10108932,12
4067,10326828,7
4068,10424545,3
4069,10134945,2
4070,10102482,22
4071,10120446,21
4072,10109079,2
4073,10102476,3
4074,10114108,2
4075,10138037,11
4076,10145436,60
4077,10432886,0
4078,103011,21
4079,10369193,10
4080,10108411,38
4081,10102515,3
4082,10102293,12
4083,10120934,5
4084,10460289,5
4085,10443143,1
4086,10460278,0
4087,10381189,4
4088,10460354,2
4089,10460322,29
4090,10460331,13
4091,10460344,2
4092,10460281,2
4093,10460342,10
4094,10460268,2
4095,10452923,6
4096,10438626,9
4097,10460273,0
4098,10413040,7
4099,10450383,18
4100,10208819,20
4101,10109017,6
4102,10393185,12
4103,10371318,6
4104,10372331,2
4105,10440238,14
4106,10460293,8
4107,10460357,3
4108,10447231,11
4109,10454913,3
4110,10460333,1
4111,10384151,17
4112,10372308,2
4113,10460341,1
4114,10401970,4
4115,10403983,1
4116,10145743,5
4117,10460328,1
4118,10413538,12
4119,10407849,2
4120,10460336,14
4121,10162573,7
4122,10445639,1
4123,10460288,26
4124,103012,14
4125,10460345,3
4126,10102265,10
4127,10460311,3
4128,10460308,5
4129,10460353,0
4130,10460320,15
4131,10402590,2
4132,10406871,3
4133,10460350,16
4134,10460272,3
4135,10461118,9
4136,10451420,9
4137,10131496,23
4138,10177386,4
4139,10383421,8
4140,10406235,9
4141,10460335,1
4142,10454912,0
4143,10438526,2
4144,10460340,1
4145,10460310,4
4146,10222870,1
4147,10443248,14
4148,10101854,1
4149,10460339,2
4150,10419498,1
4151,10146026,19
4152,10460343,7
4153,10208981,11
4154,10460280,2
4155,10439788,9
4156,10460334,1
4157,10460332,2
4158,10458357,12
4159,10458497,13
4160,10148186,4
4161,10204315,13
4162,10458779,14
4163,10452927,17
4164,10326024,8
4165,10135468,15
4166,10147724,7
4167,10333019,10
4168,10458837,38
4169,10411605,13
4170,10441544,0
4171,10295495,7
4172,10458898,15
4173,10416688,3
4174,10458838,0
4175,10423096,32
4176,10380964,4
4177,10438945,15
4178,10440332,2
4179,10462177,9
4180,10401571,7
4181,10283385,17
4182,10341304,22
4183,10423530,1
4184,10102007,19
4185,10461157,10
4186,10423442,5
4187,10461197,2
4188,10465177,12
4189,10376117,9
4190,10354202,3
4191,10224611,7
4192,10332797,9
4193,10313932,1
4194,10133187,17
4195,10375860,19
4196,10463871,8
4197,10381169,27
4198,10377336,10
4199,10496182,1
4200,10374728,10
4201,10461158,6
4202,10479308,0
4203,10487561,3
4204,10204483,5
4205,10109011,6
4206,10494253,2
4207,10130784,4
4208,10477337,8
4209,10406828,8
4210,10421645,2
4211,10373374,22
4212,10458897,10
4213,10381036,1
4214,10428256,24
4215,10524431,15
4216,10467036,3
4217,10145833,18
4218,10139115,4
4219,10402116,3
4220,10459497,3
4221,10446557,7
4222,10119247,20
4223,10102713,2
4224,10428043,5
4225,10369686,3
4226,10406869,21
4227,10442678,12
4228,10186774,11
4229,105390,4
4230,10445860,6
4231,10424147,7
4232,10371167,5
4233,10242636,17
4234,10453542,1
4235,10301552,1
4236,10149338,35
4237,10510359,20
4238,10264159,13
4239,10461777,9
4240,10421194,11
4241,10159530,2
4242,10336484,4
4243,10465853,2
4244,10347701,6
4245,10190571,1
4246,10411481,2
4247,10137395,10
4248,10394317,4
4249,10482401,6
4250,10327465,2
4251,10482239,14
4252,10133273,3
4253,10149013,0
4254,10130731,7
4255,10298532,1
4256,10416156,0
4257,10483057,13
4258,10459498,4
4259,10336481,10
4260,10134815,13
4261,10463158,3
4262,10104361,12
4263,10483678,2
4264,10408380,21
4265,10208991,0
4266,10147864,13
4267,10369760,4
4268,10465317,19
4269,10468220,14
4270,10480846,6
4271,10404058,9
4272,10403954,1
4273,10444611,8
4274,10494077,6
4275,10428151,9
4276,10329594,42
4277,10404007,11
4278,10235635,0
4279,10450372,2
4280,10441063,19
4281,10427318,17
4282,10464180,3
4283,10452802,14
4284,10393169,7
4285,10140775,25
4286,10365212,5
4287,10443298,8
4288,10376748,4
4289,10210705,3
4290,10495819,21
4291,10448269,3
4292,10370516,14
4293,10298007,11
4294,10283398,29
4295,10114010,23
4296,10335026,7
4297,10138131,10
4298,10235617,0
4299,10444908,5
4300,10458839,17
4301,10370962,16
4302,10149968,26
4303,10495857,6
4304,10313778,4
4305,10408078,15
4306,10444551,0
4307,10149713,0
4308,10463018,26
4309,10133274,15
4310,10462137,8
4311,10453834,7
4312,10113765,10
4313,10410727,6
4314,10365524,16
4315,10139248,10
4316,10406653,5
4317,10102554,12
4318,10440694,11
4319,10193160,15
4320,10462179,2
4321,10301566,25
4322,10142713,3
4323,103863,13
4324,10146043,18
4325,10429123,6
4326,10443059,8
4327,10329199,21
4328,10368224,1
4329,10488317,6
4330,10380629,0
4331,10148193,13
4332,103875,14
4333,10130826,1
4334,10400887,6
4335,10376211,6
4336,10369950,9
4337,10173755,17
4338,10102054,1
4339,10492919,4
4340,10469715,0
4341,10497643,0
4342,10452145,21
4343,10504937,0
4344,10497403,3
4345,10312888,6
4346,10496951,13
4347,10383822,7
4348,10230942,11
4349,10439709,1
4350,10406275,6
4351,10470877,14
4352,10455213,5
4353,10446311,0
4354,10489695,18
4355,10486348,1
4356,10428127,2
4357,10496563,3
4358,10369354,8
4359,10374150,2
4360,10506835,9
4361,10142057,16
4362,10371170,11
4363,10442528,14
4364,10495818,11
4365,10134622,14
4366,10251047,3
4367,10439874,4
4368,10375946,24
4369,10279270,6
4370,10350067,20
4371,104834,7
4372,10420553,12
4373,10460302,6
4374,10329645,5
4375,10474955,1
4376,10186251,0
4377,10406902,0
4378,10418271,4
4379,10514583,5
4380,10466689,7
4381,10475145,2
4382,10523404,0
4383,10493696,1
4384,10522988,8
4385,10519865,6
4386,10512556,17
4387,10147854,1
4388,10524444,19
4389,10511923,10
4390,10208949,0
4391,10372805,26
4392,10401578,5
4393,10297472,11
4394,10141353,5
4395,10439163,6
4396,10515261,11
4397,10102723,2
4398,10407848,1
4399,10426257,10
4400,10497520,25
4401,10207201,24
4402,10186953,17
4403,10500883,37
4404,10108504,3
4405,103784,39
4406,10484667,7
4407,10121555,6
4408,105065,9
4409,10122641,2
4410,10140483,2
4411,10140781,13
4412,10141886,5
4413,10144283,20
4414,10144200,1
4415,10144558,17
4416,10145977,13
4417,10146398,2
4418,10147236,4
4419,10147498,2
4420,10148964,0
4421,10149357,0
4422,10179069,26
4423,10149656,22
4424,10119887,5
4425,10106995,8
4426,10284816,0
4427,10307103,23
4428,10305684,23
4429,10371516,2
4430,10371908,6
4431,10371470,13
4432,10372625,0
4433,10373018,2
4434,10315228,4
4435,10373301,9
4436,10374204,3
4437,10382571,6
4438,10383629,19
4439,10395964,25
4440,10396395,1
4441,10401610,14
4442,10402381,6
4443,10405374,13
4444,10406664,10
4445,10407566,2
4446,10409230,4
4447,10434751,6
4448,10266,12
4449,106453,9
4450,104245,21
4451,106366,18
4452,104509,10
4453,105765,9
4454,104510,4
4455,106470,34
4456,104511,8
4457,104512,8
4458,104246,19
4459,104247,11
4460,104373,9
4461,106264,17
4462,104374,36
4463,104209,25
